{
    "c0": {
        "x": 0.107257,
        "y": 0.223938,
        "z": 0.106349
    },
    "c1": {
        "x": 0.828407,
        "y": 0.880309,
        "z": 0.496236
    }
}