{
    "c0": {
        "x": 0.518001,
        "y": 0.670929,
        "z": 0.918919
    },
    "c1": {
        "x": 0.329154,
        "y": 0.622619,
        "z": 0.888031
    }
}