{
    "skyboxBottom": {
        "x": 0.314046,
        "y": 0.187982,
        "z": 0.50193
    },
    "skyboxTop": {
        "x": 0.00715554,
        "y": 0.255665,
        "z": 0.926641
    },
    "skyboxSunColor": {
        "x": 0.247104,
        "y": 0.00572442,
        "z": 0
    }
}