{
    "skyboxBottom": {
        "x": 0.724095,
        "y": 0.883555,
        "z": 0.992278
    },
    "skyboxTop": {
        "x": 0,
        "y": 0.271732,
        "z": 0.567568
    },
    "skyboxSunColor": {
        "x": 78.4314,
        "y": 78.4314,
        "z": 78.4314
    }
}