{
    "scatteringColor": {
        "x": 0.100774,
        "y": 0.190608,
        "z": 0.50193
    }
}